{
  "Combined|Exploratory": [
    0.0,
    43677.31216419817,
    0.0,
    0.0,
    0.0,
    0.0,
    0.0,
    0.0,
    13877.989715169402,
    -312.18704588701394,
    0.0,
    35181.28881669495,
    0.0,
    0.0,
    0.0,
    0.0,
    2042.3059766001218,
    0.0,
    0.0,
    47101.000265024624
  ],
  "EGGROLL|Exploratory": [
    17178.363070642117,
    0.0,
    2523.6664182406694,
    0.0,
    23817.85779020816,
    58559.48834765383,
    13302.49107498876,
    1538.5127605133257,
    0.0,
    60234.243751660644,
    0.0,
    36899.91138095047,
    0.0,
    0.0,
    0.0,
    12839.658769900117,
    10960.805501179108,
    0.0,
    0.0,
    0.0
  ],
  "Evict-Restart|Exploratory": [
    0.0,
    0.0,
    0.0,
    0.0,
    0.0,
    0.0,
    0.0,
    56294.748305563364,
    0.0,
    21892.18617858272,
    8792.186604779517,
    -933.8172594180546,
    -2029.2288099046093,
    0.0,
    0.0,
    0.0,
    12039.33762639672,
    0.0,
    -1273.873099541814,
    0.0
  ],
  "EGGROLL-nodir|Exploratory": [
    0.0,
    0.0,
    11931.511349867924,
    -2690.078195802463,
    0.0,
    12835.771098535059,
    0.0,
    0.0,
    0.0,
    -1995.8177375299351,
    0.0,
    38295.86984020603,
    10677.308208404356,
    19968.980799899287,
    0.0,
    0.0,
    0.0,
    23650.63910447958,
    10702.23439745503,
    10607.18593602411
  ],
  "EvRst-noevict|Exploratory": [
    16703.218402225513,
    -295.04223630423394,
    0.0,
    56696.526620878045,
    0.0,
    0.0,
    12539.619829419426,
    -778.3475448686327,
    0.0,
    47652.700755748854,
    0.0,
    33055.116836915404,
    0.0,
    0.0,
    0.0,
    0.0,
    0.0,
    0.0,
    0.0,
    1882.6340106863552
  ],
  "EvRst-nostag|Exploratory": [
    -1463.0928068415508,
    40498.79840773972,
    0.0,
    0.0,
    12002.442595366863,
    0.0,
    0.0,
    24099.06977630671,
    0.0,
    0.0,
    7596.986625001805,
    -1275.1392702378607,
    0.0,
    32619.020316750342,
    0.0,
    23312.950003920487,
    0.0,
    -3409.175771281186,
    0.0,
    0.0
  ],
  "Baseline|Exploratory": [
    7699.2569622915835,
    29123.748214538682,
    8557.773578577202,
    -4875.8582050021705,
    -997.0871825246588,
    0.0,
    3651.091105857088,
    0.0,
    9077.046192248072,
    2877.795665013171,
    -3397.3292187087054,
    0.0,
    13178.08846460995,
    15254.316484120704,
    9675.166690464242,
    2155.736317466681,
    2885.0821250471563,
    34757.92118238083,
    0.0,
    31783.821434876172
  ],
  "Combined|Cycle": [
    13229.765259260806,
    407.2203173935852,
    946.3891173457041,
    50432.47868606265,
    0.0,
    36849.28639550258,
    12021.596235023937,
    1121.6455834572187,
    -790.4748220345214,
    53978.278833537195,
    0.0,
    30923.99196050671,
    13205.561215042786,
    -213.76173070024538,
    835.9836075818419,
    36444.109507965535,
    0.0,
    37370.82353228921,
    11116.948599070456,
    762.0346822736008
  ],
  "EGGROLL|Cycle": [
    2729.965552194456,
    62668.98649453266,
    24494.07742636012,
    39785.95306943777,
    15104.434670889837,
    1690.4923684512146,
    1214.7804251771172,
    60451.73884822485,
    25575.624255467297,
    54903.64564192308,
    15090.956250266321,
    2832.097956187613,
    1520.940731605002,
    56877.765800918074,
    26155.075419018634,
    47141.107385759344,
    14435.341990113562,
    1826.503119854412,
    1354.8035949594491,
    55182.17342533003
  ],
  "Evict-Restart|Cycle": [
    0.0,
    34122.689012095885,
    15063.86954310941,
    1883.6764960589662,
    620.618654075045,
    59333.10577281098,
    0.0,
    39697.908580871204,
    13603.008073992949,
    514.4446395735622,
    1203.10466382662,
    48695.966964488456,
    0.0,
    29381.05562413989,
    16789.878366428195,
    2673.3659222797514,
    32.82680411471188,
    55223.64655686023,
    0.0,
    48369.02891154832
  ],
  "EGGROLL-nodir|Cycle": [
    11473.937019856014,
    -1076.2213662258107,
    -866.3819618746368,
    38350.50420493547,
    10332.416994492023,
    28148.00268483096,
    12081.764058748331,
    -1699.3128481275644,
    -21.579787702408794,
    40505.676113756555,
    7267.15220750266,
    26858.651043814163,
    12106.295695735005,
    -167.96587567551524,
    -939.961317262676,
    37668.92978531456,
    13636.8803355731,
    31954.62232458434,
    11427.722214415102,
    126.70935002382203
  ],
  "EvRst-noevict|Cycle": [
    1280.4972726093085,
    59562.53349655412,
    0.0,
    50579.332264951256,
    14009.424000422106,
    1692.9134195407273,
    377.47568554398526,
    53480.36777252234,
    0.0,
    44082.91424653143,
    15123.862847476641,
    696.4357265902968,
    2831.3967319251487,
    52965.87338127255,
    0.0,
    0.0,
    14099.699331614365,
    3395.105130720038,
    119.14550283917606,
    68608.39072292234
  ],
  "EvRst-nostag|Cycle": [
    14549.434655782048,
    30291.20417637607,
    10855.63777173715,
    -1508.7007876517114,
    -1619.1404041801948,
    46409.874950434234,
    12060.15227181204,
    29767.39724951085,
    10282.058683048255,
    -1043.8978675388742,
    -2523.734240356307,
    49448.23255956052,
    3576.4615896271903,
    30931.421555839883,
    13083.218745702447,
    -1846.8571661808467,
    -679.685015995952,
    38830.46213929681,
    13064.402326001496,
    30688.04374957059
  ],
  "Baseline|Cycle": [
    11023.228355705985,
    2238.8266733627943,
    2644.887078555864,
    38893.53471870732,
    13690.634632566627,
    29594.755894989386,
    11484.263754303305,
    1714.424484574652,
    2680.3430378714356,
    40493.1966772292,
    12529.559556882676,
    27671.096109676833,
    9346.951240035429,
    2807.8217663297028,
    1322.745282701889,
    39186.904427734786,
    11994.722170498984,
    31299.74088689505,
    9982.404408439514,
    3204.896944502616
  ],
  "Combined|Adaptive": [
    -1284.2874875676018,
    48283.85352958156,
    0.0,
    0.0,
    10750.379556023974,
    -501.17539120379934,
    0.0,
    25810.76966758619,
    0.0,
    4886.39079788639,
    10414.180306582337,
    -194.6103932248311,
    1688.1476226601424,
    12806.104364694911,
    0.0,
    7333.316996080053,
    5125.107273782149,
    2055.1411637885694,
    0.0,
    12249.68997267411
  ],
  "EGGROLL|Adaptive": [
    0.0,
    0.0,
    0.0,
    476.87317026144683,
    0.0,
    12828.913362253166,
    5930.092395708236,
    0.0,
    0.0,
    0.0,
    0.0,
    0.0,
    3443.4805225841983,
    7177.593471250135,
    3704.544544727702,
    839.7487572553109,
    402.79789459068365,
    0.0,
    5648.304550142356,
    22577.50300539394
  ],
  "Evict-Restart|Adaptive": [
    20692.293967262485,
    5198.091475062586,
    81.36207000055128,
    29796.2065630675,
    0.0,
    0.0,
    11425.841921236148,
    2035.430509251335,
    2201.795175812178,
    27729.437500466076,
    0.0,
    17950.940000141974,
    18092.452522422627,
    -1051.3535498738893,
    -221.14053473375748,
    44666.66544306248,
    0.0,
    0.0,
    16188.875221715918,
    78.31629606659294
  ],
  "EGGROLL-nodir|Adaptive": [
    0.0,
    0.0,
    130.75378679030837,
    2668.3691343794635,
    2719.3676379576877,
    0.0,
    0.0,
    0.0,
    3814.746011926157,
    0.0,
    0.0,
    0.0,
    0.0,
    12216.1403795512,
    2153.6627106924175,
    0.0,
    2240.2162772650036,
    0.0,
    0.0,
    0.0
  ],
  "EvRst-noevict|Adaptive": [
    0.0,
    15427.609948112204,
    18632.193150799998,
    6446.368933912312,
    455.9333882086621,
    56693.7961407727,
    0.0,
    25011.670916059156,
    15462.062105633247,
    4053.3803246515727,
    3306.784924397022,
    54837.06373614316,
    0.0,
    42994.93699476257,
    15760.57422661846,
    5908.443188315394,
    0.0,
    44000.88878932599,
    0.0,
    0.0
  ],