{
  "TTP|Baseline|Exploratory": [
    0.0,
    0.0,
    2340.003229499129,
    8677.867855435363,
    3227.9910330952785,
    0.0,
    36342.17630990893,
    13368.030040554664,
    10994.826782787979,
    8213.652400805133,
    3620.8218074585893,
    0.0,
    -2551.5555671424427,
    0.0,
    4376.397309442944,
    0.0,
    0.0,
    0.0,
    0.0,
    11777.736847179072,
    6819.457719883631,
    0.0,
    -5888.370653841856,
    22452.2564528015,
    0.0,
    8788.042562719003,
    9889.438081257194,
    0.0,
    7222.826990514259,
    17016.629488721264
  ],
  "TTP|Baseline|Cycle": [
    2416.1430352912985,
    1755.0018460636534,
    14531.18044321271,
    10829.765991088274,
    1426.1837594411086,
    3448.323069103707,
    36882.57889181208,
    28722.21372525843,
    49081.96701421258,
    10530.728651564326,
    3320.07383854443,
    11331.678102198635,
    1425.095673986984,
    32394.166139954228,
    38204.38484933306,
    13418.271524895037,
    3194.5176922564588,
    3154.602485128923,
    13160.347655783371,
    27900.404405796933,
    39727.56267841889,
    1253.6942489907478,
    9899.383339603655,
    1550.945718693256,
    19074.12057826135,
    21050.56664619638,
    11973.551818266988,
    39440.33447408747,
    14547.846695226362,
    28269.410260083707
  ],
  "TTP|Baseline|Adaptive": [
    -1145.6809464597281,
    -655.9031979790357,
    7629.528092349648,
    -3169.7532463647376,
    -1074.4419433855903,
    11497.609250365354,
    2965.0021301766988,
    7940.644749936783,
    4686.503149873416,
    -410.5058106681572,
    -561.5216914541638,
    11914.911774930371,
    3087.5200444785796,
    8443.36380762385,
    4320.662306083803,
    -1559.1651341005422,
    -2234.8982099870814,
    4251.843753196291,
    12627.333263252242,
    6276.245949391538,
    1690.9248545567643,
    1844.3088336857375,
    -2626.006557584866,
    23122.44642910133,
    8512.484981437747,
    4486.8487361085645,
    30626.673566194615,
    5522.857264445733,
    2688.9560130712393,
    15956.472622455083
  ],
  "LogicPuzzles|Baseline|Exploratory": [
    33.0,
    0.0,
    0.0,
    0.0,
    33.0,
    0.0,
    35.0,
    0.0,
    32.0,
    0.0,
    0.0,
    0.0,
    44.0,
    0.0,
    24.0,
    33.0,
    0.0,
    33.0,
    33.0,
    44.0,
    0.0,
    33.0,
    0.0,
    0.0,
    32.0,
    44.0,
    0.0,
    0.0,
    33.0,
    0.0
  ],
  "LogicPuzzles|Baseline|Cycle": [
    22.0,
    43.0,
    33.0,
    44.0,
    22.0,
    44.0,
    44.0,
    44.0,
    44.0,
    33.0,
    33.0,
    22.0,
    33.0,
    33.0,
    33.0,
    44.0,
    44.0,
    33.0,
    33.0,
    33.0,
    33.0,
    33.0,
    44.0,
    33.0,
    33.0,
    33.0,
    33.0,
    33.0,
    22.0,
    32.0
  ],
  "LogicPuzzles|Baseline|Adaptive": [
    29.0,
    26.0,
    25.0,
    5.0,
    24.0,
    17.0,
    26.0,
    33.0,
    22.0,
    32.0,
    6.0,
    15.0,
    27.0,
    35.0,
    7.0,
    19.0,
    30.0,
    8.0,
    26.0,
    18.0,
    21.0,
    11.0,
    33.0,
    16.0,
    21.0,
    23.0,
    22.0,
    19.0,
    39.0,
    16.0
  ],
  "TTP|EGGROLL|Exploratory": [
    0.0,
    0.0,
    0.0,
    0.0,
    0.0,
    8570.591390229447,
    0.0,
    3161.611572391329,
    59922.6639066364,
    5117.171565786648,
    0.0,
    0.0,
    0.0,
    0.0,
    67663.68436495728,
    0.0,
    0.0,
    0.0,
    25661.58928716199,
    2864.680120485963,
    0.0,
    0.0,
    0.0,
    1103.452656236714,
    0.0,
    1300.1470804288247,
    15081.572423110709,
    0.0,
    23024.332243689958,
    3125.621731601042
  ],
  "TTP|EGGROLL|Cycle": [
    2269.1752546348534,
    2125.971458668297,
    14929.359696688703,
    61836.41984833137,
    27959.980432128286,
    1439.3891449265266,
    42493.75778001254,
    1933.3104018138401,
    15451.428545586321,
    63190.12240912697,
    2944.7973771705347,
    18760.979175731423,
    44258.80144134225,
    2022.2200511783199,
    16038.17539898674,
    1765.3355716547755,
    52955.20665448973,
    24622.500921035964,
    47131.37623012232,
    1443.8574383375148,
    14700.360447263269,
    53264.34377764981,
    21287.005828830777,
    46967.86689161736,
    1943.013310242359,
    3122.2127088011976,
    15968.182436233736,
    66165.04069285715,
    26471.155209527675,
    61138.47611100496
  ],
  "TTP|EGGROLL|Adaptive": [
    0.0,
    0.0,
    0.0,
    0.0,
    -363.60358524430103,
    0.0,
    0.0,
    0.0,
    0.0,
    0.0,
    0.0,
    0.0,
    0.0,
    0.0,
    0.0,
    0.0,
    0.0,
    0.0,
    3214.7165473682726,
    12133.29852922813,
    2231.474631281101,
    0.0,
    0.0,
    13328.057129936926,
    0.0,
    0.0,
    0.0,
    13504.182806336026,
    0.0,
    0.0
  ],
  "LogicPuzzles|EGGROLL|Exploratory": [
    0.0,
    0.0,
    0.0,
    52.0,
    42.0,
    0.0,
    42.0,
    0.0,
    0.0,
    53.0,
    0.0,
    41.0,
    0.0,
    0.0,
    0.0,
    0.0,
    0.0,
    42.0,
    0.0,
    0.0,
    42.0,
    42.0,
    43.0,
    0.0,
    54.0,
    0.0,
    0.0,
    0.0,
    42.0,
    0.0
  ],
  "LogicPuzzles|EGGROLL|Cycle": [
    41.0,
    42.0,
    43.0,
    43.0,
    53.0,
    43.0,
    43.0,
    43.0,
    52.0,
    42.0,
    43.0,
    43.0,
    43.0,
    32.0,
    54.0,
    42.0,
    42.0,
    52.0,
    43.0,
    43.0,
    63.0,
    52.0,
    52.0,
    53.0,
    43.0,
    42.0,
    53.0,
    42.0,
    43.0,
    54.0
  ],
  "LogicPuzzles|EGGROLL|Adaptive": [
    11.0,
    0.0,
    0.0,
    0.0,
    0.0,
    0.0,
    0.0,
    11.0,
    0.0,
    0.0,
    0.0,
    21.0,
    0.0,
    0.0,
    0.0,
    0.0,
    11.0,
    0.0,
    0.0,
    10.0,
    0.0,
    11.0,
    0.0,
    0.0,
    0.0,
    10.0,
    10.0,
    9.0,
    10.0,
    11.0
  ],
  "TTP|Evict-Restart|Exploratory": [
    0.0,
    0.0,
    0.0,
    0.0,
    0.0,
    0.0,
    0.0,
    5158.142360715468,
    47060.8613871972,
    0.0,
    0.0,
    13241.19186205861,
    0.0,
    3198.4703752166815,
    0.0,
    0.0,
    12674.037569052067,
    0.0,
    3320.6750365326934,
    3899.8133529630577,
    51078.964029591385,
    0.0,
    0.0,
    0.0,
    29034.135650798755,
    -3581.807296183009,
    0.0,
    0.0,
    0.0,
    11017.114934547091
  ],
  "TTP|Evict-Restart|Cycle": [
    2708.9014853386957,
    -471.247993878756,
    365.2238757204275,
    13543.592076236366,
    -31.727101558114782,
    53810.185173383936,
    0.0,
    0.0,
    14764.08752279393,
    1304.4383569605068,
    952.3733158630362,
    54909.779260363066,
    0.0,
    0.0,
    280.7783234744991,
    13293.289111839962,
    211.71491855471027,
    57861.570487523364,
    0.0,
    39274.28407332872,
    13295.233102050406,
    50352.44472636444,
    1836.6238668208482,
    1853.4680303543687,
    0.0,
    0.0,
    13237.60088998088,
    61718.52473284057,
    0.0,
    10351.458765615467
  ],
  "TTP|Evict-Restart|Adaptive": [
    2553.594118516966,
    1143.2989723235532,
    15950.96314824959,
    2771.8805309270238,
    39905.428513778024,
    4401.430149866412,
    0.0,
    49537.7959155733,
    1856.8484291670734,
    11906.877574115882,
    2791.793306550956,
    0.0,
    29111.965533534705,
    37776.26342482028,
    12240.231289170048,
    1395.3003000900603,
    2959.5171086511054,
    42533.035530391215,
    0.0,
    56978.39469620068,
    18342.063583705407,
    3141.632879410945,
    42848.89415871136,
    3430.928154507548,
    0.0,
    21845.60057145646,
    12843.568385901332,
    45762.18383721616,
    0.0,
    3106.1683301921385
  ],
  "LogicPuzzles|Evict-Restart|Exploratory": [
    0.0,
    43.0,
    0.0,
    0.0,
    0.0,
    0.0,
    0.0,
    0.0,
    0.0,
    0.0,
    0.0,
    0.0,
    43.0,
    0.0,
    0.0,
    0.0,
    32.0,
    0.0,
    0.0,
    0.0,
    32.0,
    0.0,
    0.0,
    0.0,
    0.0,
    0.0,
    0.0,
    0.0,
    0.0,
    0.0
  ],