{
  "TTP|UH-nobandit|Exploratory": [
    0.0,
    71090.00931720146,
    37059.92446996459,
    -586.9438198235025,
    112441.5282195402,
    0.0,
    28227.34350866749,
    0.0,
    0.0,
    10402.445190533941,
    9035.411958674944,
    20413.356338190766,
    84098.93028305491,
    1060.015027928714,
    0.0,
    40242.51480645624,
    0.0,
    46118.656153633754,
    51879.33441404356,
    5983.566936148779,
    28671.78337961874,
    96194.53302436182,
    0.0,
    114856.48638855272,
    12059.41224678231
  ],
  "TTP|UH-nobandit|Adaptive": [
    10156.138619003257,
    65853.972068583,
    91075.11192236646,
    96048.56163767306,
    65279.35554010665,
    64817.37012187114,
    1502.8347591212844,
    1671.1158321932203,
    27679.18032557431,
    108756.38420042458,
    4364.177078485062,
    82781.10551825847,
    21912.353597353555,
    103658.2226292365,
    26505.76036486984,
    3550.1086098672104,
    19674.859185455076,
    7098.622835674284,
    24113.796876453147,
    78593.48192942627,
    33501.46149312353,
    21625.894933066626,
    7029.424458379037,
    19507.173807162897,
    14909.079840656595
  ],
  "TTP|Epsilon-Bandit|Cycle": [
    11958.93755382108,
    11200.608108616818,
    60558.95708848015,
    109471.11169192981,
    98014.8826845299,
    82129.40688295879,
    30745.01115066995,
    12599.821888779401,
    11029.726294628184,
    122963.47531297342,
    10903.172588344623,
    140368.03615492783,
    50197.787939146176,
    11172.677232119073,
    113133.85782261551,
    60234.43806745585,
    61269.93044120632,
    53389.16750728101,
    121980.87008964195,
    11372.256199864009,
    27236.793075571222,
    11707.435857566956,
    12262.847210504784,
    11213.780558383898,
    11275.923464445224
  ],
  "TTP|Baseline|Exploratory": [
    28241.62281238369,
    2900.9639850800236,
    4604.43589586254,
    13808.558017786574,
    3535.674007002438,
    14496.371675039289,
    4323.176974756051,
    51667.82300980314,
    3097.716464294951,
    5564.618571957042,
    21586.75134256335,
    4651.914350680311,
    4610.012340701909,
    4357.566738028863,
    44584.47136090004,
    20426.56831021102,
    44707.212958952885,
    4359.979130090316,
    14047.842047995133,
    4487.359712919897,
    4299.584878667014,
    5394.5945354805135,
    58460.644316167774,
    42863.84787564162,
    25091.591166143866
  ],
  "TTP|UH-nobandit|Cycle": [
    10820.240925397347,
    49513.195504515534,
    9326.127107051394,
    27791.651307972057,
    28614.23021658037,
    94848.34291079664,
    108936.59205487104,
    108314.0312182478,
    109651.24331746105,
    101733.50064658654,
    93280.82552618957,
    99607.14302328168,
    9787.5419115146,
    100862.68833318235,
    101606.2708842807,
    23987.542339873846,
    50494.78574224647,
    9983.0188417912,
    50188.97786740751,
    9736.489055000779,
    51312.10929278391,
    25878.481730455518,
    48778.35313716656,
    7535.773385060067,
    98170.04364262693
  ],
  "TTP|Epsilon-Bandit|Adaptive": [
    21237.547084467413,
    10453.096943258755,
    0.0,
    9645.644403686008,
    114226.62842590474,
    100410.19245910997,
    21839.578580529906,
    0.0,
    0.0,
    0.0,
    0.0,
    0.0,
    4956.008869047237,
    0.0,
    38238.547057204734,
    0.0,
    0.0,
    81576.16117999595,
    87250.12261460337,
    87969.62852152,
    0.0,
    -388.1306566580877,
    0.0,
    39715.11443131177,
    0.0
  ],
  "TTP|AdaptRate-noreset|Exploratory": [
    29122.91261134747,
    0.0,
    0.0,
    113180.89221901452,
    0.0,
    0.0,
    0.0,
    28907.355261688863,
    0.0,
    2214.8104319170807,
    4416.290370964714,
    0.0,
    52847.85165565575,
    1002.7812548781887,
    13792.583292837597,
    0.0,
    81675.07977267478,
    0.0,
    2671.8876201974767,
    31520.411718501073,
    0.0,
    8842.04103766304,
    32640.152597607896,
    0.0,
    0.0
  ],
  "TTP|Bandit (UCB1)|Cycle": [
    24828.232165388425,
    120405.3012823505,
    24977.500722416265,
    9837.863442661326,
    48310.09599310637,
    10605.81568050388,
    10068.933655494138,
    100429.67041845601,
    119111.02677042197,
    10030.509276426212,
    9879.091377541678,
    10977.133883979728,
    67918.78426197582,
    10382.425901597158,
    49387.06978700328,
    26491.388873604334,
    117800.3563165498,
    120314.10687384446,
    28265.982097357373,
    85723.52263255391,
    9286.343036800246,
    31090.863130666366,
    26289.89700136804,
    10047.741637056064,
    103223.17774906082
  ],
  "TTP|Bandit (UCB1)|Exploratory": [
    53415.97065314767,
    86108.29914966402,
    10395.975393100596,
    0.0,
    0.0,
    0.0,
    0.0,
    11552.484287778701,
    100969.25381359627,
    0.0,
    0.0,
    0.0,
    0.0,
    9819.90895876383,
    0.0,
    9294.009536200714,
    0.0,
    0.0,
    28970.43678150308,
    0.0,
    0.0,
    99028.0027872611,
    90143.64298090826,
    0.0,
    0.0
  ],
  "TTP|Evict-Restart|Adaptive": [
    10108.292921846441,
    35368.54417480331,
    1620.911652853194,
    19908.87091927736,
    10693.82950402895,
    103223.60828292996,
    26133.055820293514,
    31547.72102081776,
    1712.2875682283127,
    0.0,
    25279.566218641186,
    10215.50668006984,
    33635.69097495647,
    884.3698888063607,
    8170.671969276181,
    0.0,
    115374.11583787229,
    100667.24770032254,
    38604.01916501458,
    116051.47551495055,
    -708.0759938663753,
    87079.5426958128,
    944.2120088625429,
    30968.06049963378,
    1641.9063147502507
  ],
  "TTP|Evict-Restart|Exploratory": [
    0.0,
    0.0,
    30639.148709538484,
    137298.9961167477,
    11702.890638890683,
    9630.378060123301,
    8569.110926879628,
    13626.309756627357,
    118905.79753245364,
    31400.620358389664,
    8673.433926602604,
    0.0,
    0.0,
    0.0,
    0.0,
    8400.07156008618,
    112783.81605788492,
    119258.5565178992,
    -1465.325124062403,
    0.0,
    0.0,
    88433.26782449227,
    0.0,
    0.0,
    0.0
  ],
  "TTP|AdaptRate-noreset|Adaptive": [
    0.0,
    0.0,
    0.0,
    0.0,
    83884.56195032978,
    33284.827631748325,
    24482.64314389999,
    0.0,
    0.0,
    0.0,
    0.0,
    -307.1261354602759,
    0.0,
    3990.7374895904536,
    -661.4251166353527,
    11331.622144975254,
    0.0,
    8559.745022788507,
    0.0,
    0.0,
    0.0,
    0.0,
    0.0,
    0.0,
    18583.56462397218
  ],
  "TTP|Bandit (UCB1)|Adaptive": [
    78036.80588701234,
    38942.80605719371,
    0.0,
    17863.537408475135,
    0.0,
    18230.23184613009,
    6150.326034130635,
    10783.041575442687,
    0.0,
    0.0,
    25241.52620693782,
    9236.528302551991,
    0.0,
    0.0,
    0.0,
    6697.248634980064,
    0.0,
    15245.889813232498,
    7731.228949911296,
    99685.43405651773,
    67701.66955466656,
    0.0,
    0.0,
    0.0,
    82564.13342838148
  ],
  "TTP|Baseline|Cycle": [
    50821.32643886868,
    6437.118347161109,
    46360.723528012706,
    26458.25930860418,
    4229.218838263164,
    61157.18663094617,
    51114.287179233,
    24830.94558135253,
    25766.30155979564,
    14520.035849881962,
    15306.835210360214,
    6108.924434140156,
    15416.540247819088,
    4334.876339190896,
    63986.839677891665,
    6272.9819676527795,
    4367.365571464996,
    6030.654071298494,
    14557.090495087676,
    48086.017659928075,
    50587.25857158927,
    4363.636496963467,
    50140.34746106312,
    10133.246776022628,
    47534.20749657345
  ],